{"cameraMode":{"drawMode":0,"name":"Shaded","section":"Shading Mode"},"sceneLighting":true,"audioPlay":false,"sceneViewState":{"showFog":true,"showMaterialUpdate":true,"showSkybox":true,"showFlares":true,"showImageEffects":true,"showParticleSystems":true},"in2DMode":false,"pivot":{"x":153.10000610351563,"y":8.0,"z":156.69998168945313},"rotation":{"x":-0.002795630833134055,"y":-0.9953505992889404,"z":0.09132961183786392,"w":-0.030469156801700593},"size":1166.7261962890625,"orthographic":true}